DESTINO,PROVINCIA,CANTON,REGION_SOCIOECONOMICA,ZONA_LOGISTICA
27 DE ABRIL,GUANACASTE,,CHOROTEGA,GUANACASTE
ABANGARES,GUANACASTE,,CHOROTEGA,GUANACASTE
ABANGARITOS,PUNTARENAS,PUNTARENAS,PACÍFICO CENTRAL,PACÍFICO CENTRAL
ACOSTA,SAN JOSÉ / CARTAGO / HEREDIA,,CENTRAL,VALLE CENTRAL
AEROPUERTO NOSARA,GUANACASTE,,CHOROTEGA,GUANACASTE
AGUA BUENA,PUNTARENAS / SAN JOSE,,BRUNCA,ZONA SUR
AGUA CALIENTE,CARTAGO,CARTAGO,CENTRAL,VALLE CENTRAL
AGUAS ZARCAS,ALAJUELA / HEREDIA,,HUETAR NORTE,SAN CARLOS Y ZONA NORTE
ALAJUELA,SAN JOSÉ / CARTAGO / HEREDIA,,CENTRAL,VALLE CENTRAL
ALTO MONTERREY,ALAJUELA / HEREDIA,,HUETAR NORTE,SAN CARLOS Y ZONA NORTE
ARENAL,GUANACASTE,,CHOROTEGA,GUANACASTE
ARENALES,GUANACASTE,,CHOROTEGA,GUANACASTE
ASERRÍ,SAN JOSÉ / CARTAGO / HEREDIA,,CENTRAL,VALLE CENTRAL
ASERRÍ CENTRO,SAN JOSÉ / CARTAGO / HEREDIA,,CENTRAL,VALLE CENTRAL
ATENAS,ALAJUELA,,CENTRAL (OCCIDENTE),OCCIDENTE
ATIRRO,CARTAGO,TURRIALBA,CENTRAL,VALLE CENTRAL
BAGACES,GUANACASTE,,CHOROTEGA,GUANACASTE
BAHÍA BALLENA,PUNTARENAS / SAN JOSE,,BRUNCA,ZONA SUR
BAJO LOS RODRÍGUEZ,ALAJUELA / HEREDIA,,HUETAR NORTE,SAN CARLOS Y ZONA NORTE
BAJO RODRÍGUEZ,ALAJUELA / HEREDIA,,HUETAR NORTE,SAN CARLOS Y ZONA NORTE
BANANITO,LIMÓN,,HUETAR CARIBE,LIMON Y CARIBE
BARCO QUEBRADO,GUANACASTE,NICOYA,CHOROTEGA,GUANACASTE
BARRANCA,PUNTARENAS,,PACIFICO CENTRAL,PACIFICO CENTRAL
BARU,PUNTARENAS / SAN JOSE,,BRUNCA,ZONA SUR
BATAAN,LIMÓN,,HUETAR CARIBE,LIMON Y CARIBE
BELEN DE CARRILLO,GUANACASTE,,CHOROTEGA,GUANACASTE
BELÉN,GUANACASTE,,CHOROTEGA,GUANACASTE
BIJAGUA,ALAJUELA / HEREDIA,,HUETAR NORTE,SAN CARLOS Y ZONA NORTE
BIRRISITO,SAN JOSÉ / CARTAGO / HEREDIA,,CENTRAL,VALLE CENTRAL
BOCA ARENAL,ALAJUELA / HEREDIA,,HUETAR NORTE,SAN CARLOS Y ZONA NORTE
BRASILITO,GUANACASTE,,CHOROTEGA,GUANACASTE
BRIBRI,LIMÓN,,HUETAR CARIBE,LIMON Y CARIBE
BUENOS AIRES,PUNTARENAS / SAN JOSE,,BRUNCA,ZONA SUR
BUENOS AIRES CENTRO,PUNTARENAS / SAN JOSE,,BRUNCA,ZONA SUR
BUENOS AIRES DE CUTRIS,ALAJUELA / HEREDIA,,HUETAR NORTE,SAN CARLOS Y ZONA NORTE
CABECERAS,GUANACASTE,TILARÁN,CHOROTEGA,GUANACASTE
CABECERAS DE TILARAN,GUANACASTE,TILARÁN,CHOROTEGA,GUANACASTE
CABO BLANCO,PUNTARENAS,,PACIFICO CENTRAL,PACIFICO CENTRAL
CABUYA,PUNTARENAS,,PACIFICO CENTRAL,PACIFICO CENTRAL
CACHI,SAN JOSÉ / CARTAGO / HEREDIA,,CENTRAL,VALLE CENTRAL
CAHUITA,LIMÓN,,HUETAR CARIBE,LIMON Y CARIBE
CAIMITAL,GUANACASTE,NICOYA,CHOROTEGA,GUANACASTE
CAIMITAL -NICOYA-,GUANACASTE,,CHOROTEGA,GUANACASTE
CAIRO,LIMÓN,SIQUIRRES,HUETAR CARIBE,LIMÓN Y CARIBE
CAJON,PUNTARENAS / SAN JOSE,,BRUNCA,ZONA SUR
CANALETE,ALAJUELA,UPALA,HUETAR NORTE,SAN CARLOS Y ZONA NORTE
CANDELARIA,ALAJUELA,,CENTRAL (OCCIDENTE),OCCIDENTE
CAPELLADES,SAN JOSÉ / CARTAGO / HEREDIA,,CENTRAL,VALLE CENTRAL
CARIARI,LIMÓN,,HUETAR CARIBE,LIMON Y CARIBE
CARRILLO,GUANACASTE,,CHOROTEGA,GUANACASTE
CARTAGENA,GUANACASTE,,CHOROTEGA,GUANACASTE
CARTAGO,SAN JOSÉ / CARTAGO / HEREDIA,,CENTRAL,VALLE CENTRAL
CARTAGO CENTRO,SAN JOSÉ / CARTAGO / HEREDIA,,CENTRAL,VALLE CENTRAL
CAÑAS,GUANACASTE,,CHOROTEGA,GUANACASTE
CAÑAS GORDAS,GUANACASTE,,CHOROTEGA,GUANACASTE
CERRO CORTÉS,ALAJUELA,SAN CARLOS,HUETAR NORTE,SAN CARLOS Y ZONA NORTE
CERRO CORTÉZ,ALAJUELA / HEREDIA,,HUETAR NORTE,SAN CARLOS Y ZONA NORTE
CERVANTES,SAN JOSÉ / CARTAGO / HEREDIA,,CENTRAL,VALLE CENTRAL
CHACARITA,PUNTARENAS,,PACIFICO CENTRAL,PACIFICO CENTRAL
CHACHAGUA,ALAJUELA / HEREDIA,,HUETAR NORTE,SAN CARLOS Y ZONA NORTE
CHIRCO,GUANACASTE,,CHOROTEGA,GUANACASTE
CHITARA,CARTAGO,TURRIALBA,CENTRAL,VALLE CENTRAL
CHOMES,GUANACASTE,,CHOROTEGA,GUANACASTE
CIENEGUITA,LIMÓN,LIMÓN,HUETAR CARIBE,LIMÓN Y CARIBE
CIUDAD COLON,SAN JOSÉ,MORA,CENTRAL,VALLE CENTRAL
CIUDAD CORTES,PUNTARENAS / SAN JOSE,,BRUNCA,ZONA SUR
CIUDAD NEILLY,PUNTARENAS,CORREDORES,BRUNCA,ZONA SUR
CIUDAD NEILY,PUNTARENAS / SAN JOSE,,BRUNCA,ZONA SUR
CIUDAD QUESADA,ALAJUELA / HEREDIA,,HUETAR NORTE,SAN CARLOS Y ZONA NORTE
COBANO,PUNTARENAS,,PACIFICO CENTRAL,PACIFICO CENTRAL
COCORI,LIMÓN,POCOCÍ,HUETAR CARIBE,LIMÓN Y CARIBE
COLONIA,ALAJUELA / HEREDIA,,HUETAR NORTE,SAN CARLOS Y ZONA NORTE
COLONIA DE UPALA,ALAJUELA / HEREDIA,,HUETAR NORTE,SAN CARLOS Y ZONA NORTE
COLORADO,GUANACASTE,,CHOROTEGA,GUANACASTE
"COLORADO, POCOCI",GUANACASTE,,CHOROTEGA,GUANACASTE
COMTE,PUNTARENAS,GOLFITO,BRUNCA,ZONA SUR
COMUNIDAD,GUANACASTE,,CHOROTEGA,GUANACASTE
CONTE,PUNTARENAS,GOLFITO,BRUNCA,ZONA SUR
COOPER,ALAJUELA,SAN CARLOS,HUETAR NORTE,SAN CARLOS Y ZONA NORTE
COPA BUENA,PUNTARENAS,COTO BRUS,BRUNCA,ZONA SUR
CORONADO,PUNTARENAS / SAN JOSE,,BRUNCA,ZONA SUR
CORRALILLO,GUANACASTE,NICOYA,CHOROTEGA,GUANACASTE
CORRALILLO SAN JUAN NORTE,GUANACASTE,NICOYA,CHOROTEGA,GUANACASTE
CORREDORES,PUNTARENAS,CORREDORES,BRUNCA,ZONA SUR
COSTA DE PAJAROS,PUNTARENAS,PUNTARENAS,PACÍFICO CENTRAL,PACÍFICO CENTRAL
COT,CARTAGO,OREAMUNO,CENTRAL,VALLE CENTRAL
COTO BRUS,PUNTARENAS,COTO BRUS,BRUNCA,ZONA SUR
CRUCE DE GUÁPILES,LIMÓN,,HUETAR CARIBE,LIMON Y CARIBE
CRUCE DE RÍO FRÍO,ALAJUELA / HEREDIA,,HUETAR NORTE,SAN CARLOS Y ZONA NORTE
CUERVITO,PUNTARENAS / SAN JOSE,,BRUNCA,ZONA SUR
CUESTA GRANDE,GUANACASTE,NICOYA,CHOROTEGA,GUANACASTE
CURIME,GUANACASTE,,CHOROTEGA,GUANACASTE
CURIME -NICOYA-,GUANACASTE,,CHOROTEGA,GUANACASTE
DOMINICAL,PUNTARENAS / SAN JOSE,,BRUNCA,ZONA SUR
DOMINICAS,PUNTARENAS,OSA,BRUNCA,ZONA SUR
DOTA,SAN JOSÉ / CARTAGO / HEREDIA,,CENTRAL,VALLE CENTRAL
DULCE NOMBRE,CARTAGO,CARTAGO,CENTRAL,VALLE CENTRAL
EL 2 TILARAN,GUANACASTE,,CHOROTEGA,GUANACASTE
EL COCO,GUANACASTE,,CHOROTEGA,GUANACASTE
EL EMPALME,SAN JOSÉ / CARTAGO,EL GUARCO,CENTRAL,VALLE CENTRAL / CERRO
EL HUMO,LIMÓN,POCOCÍ,HUETAR CARIBE,LIMÓN Y CARIBE
EL LLANO,GUANACASTE,,CHOROTEGA,GUANACASTE
EL ROBLE,PUNTARENAS,,PACIFICO CENTRAL,PACIFICO CENTRAL
EL ROSARIO,ALAJUELA,NARANJO,CENTRAL,OCCIDENTE
EL TANQUE,ALAJUELA / HEREDIA,,HUETAR NORTE,SAN CARLOS Y ZONA NORTE
EL TANQUE LA FORTUNA,ALAJUELA / HEREDIA,,HUETAR NORTE,SAN CARLOS Y ZONA NORTE
ESCAZU,SAN JOSÉ / CARTAGO / HEREDIA,,CENTRAL,VALLE CENTRAL
ESLABÓN,SAN JOSÉ,ASERRÍ,CENTRAL,VALLE CENTRAL
ESPARZA,PUNTARENAS,,PACIFICO CENTRAL,PACIFICO CENTRAL
ESPERANZA -NOSARA-,GUANACASTE,,CHOROTEGA,GUANACASTE
ESTERILLOS,PUNTARENAS,,PACIFICO CENTRAL,PACIFICO CENTRAL
ESTRADA,LIMÓN,MATINA,HUETAR CARIBE,LIMÓN Y CARIBE
FILA TIGRE,PUNTARENAS,COTO BRUS,BRUNCA,ZONA SUR
FILADELFIA,GUANACASTE,,CHOROTEGA,GUANACASTE
FINCA 11,PUNTARENAS,PALMAR SUR / OSA,BRUNCA,ZONA SUR
FINCA 96,PUNTARENAS,PALMAR SUR / OSA,BRUNCA,ZONA SUR
FLAMINGO,GUANACASTE,,CHOROTEGA,GUANACASTE
FLORENCIA,ALAJUELA / HEREDIA,,HUETAR NORTE,SAN CARLOS Y ZONA NORTE
FORTUNA,ALAJUELA / HEREDIA,,HUETAR NORTE,SAN CARLOS Y ZONA NORTE
FORTUNA BAGACES,ALAJUELA / HEREDIA,,HUETAR NORTE,SAN CARLOS Y ZONA NORTE
FRAILES,SAN JOSÉ,DESAMPARADOS,CENTRAL,VALLE CENTRAL / LOS SANTOS
FRONTERA LA UNIÓN,PUNTARENAS,COTO BRUS,BRUNCA,ZONA SUR
FRONTERA RÍO SERENO,PUNTARENAS / SAN JOSE,,BRUNCA,ZONA SUR
GARZA,GUANACASTE,NICOYA,CHOROTEGA,GUANACASTE
GENERAL VIEJO,PUNTARENAS / SAN JOSE,,BRUNCA,ZONA SUR
GOLFITO,PUNTARENAS / SAN JOSE,,BRUNCA,ZONA SUR
GRECIA,ALAJUELA,,CENTRAL (OCCIDENTE),OCCIDENTE
GUACIMAL,PUNTARENAS,PUNTARENAS,PACÍFICO CENTRAL,PACÍFICO CENTRAL
GUACIMO,LIMÓN,,HUETAR CARIBE,LIMON Y CARIBE
GUADARRAMA,GUANACASTE,NICOYA,CHOROTEGA,GUANACASTE
GUADIA,GUANACASTE,CARRILLO,CHOROTEGA,GUANACASTE
GUANACASTE,GUANACASTE,PROVINCIA,CHOROTEGA,GUANACASTE
GUAPILES,LIMÓN,,HUETAR CARIBE,LIMON Y CARIBE
GUATUSO,ALAJUELA / HEREDIA,,HUETAR NORTE,SAN CARLOS Y ZONA NORTE
GUAYABO BAGACES,GUANACASTE,,CHOROTEGA,GUANACASTE
GUIONES,GUANACASTE,NICOYA,CHOROTEGA,GUANACASTE
HERRADURA,PUNTARENAS,,PACIFICO CENTRAL,PACIFICO CENTRAL
HOJANCHA,GUANACASTE,,CHOROTEGA,GUANACASTE
HONE CREEK,LIMÓN,,HUETAR CARIBE,LIMON Y CARIBE
HORQUETAS,ALAJUELA / HEREDIA,,HUETAR NORTE,SAN CARLOS Y ZONA NORTE
HOYON,SAN JOSÉ,PÉREZ ZELEDÓN,BRUNCA,PÉREZ ZELEDÓN / ZONA SUR
HUACAS,GUANACASTE,,CHOROTEGA,GUANACASTE
JABILLO,ALAJUELA,SAN CARLOS,HUETAR NORTE,SAN CARLOS Y ZONA NORTE
JABILLOS,ALAJUELA,SAN CARLOS,HUETAR NORTE,SAN CARLOS Y ZONA NORTE
JACO,PUNTARENAS,,PACIFICO CENTRAL,PACIFICO CENTRAL
JICARAL,GUANACASTE,,CHOROTEGA,GUANACASTE
JICARITO,ALAJUELA / HEREDIA,,HUETAR NORTE,SAN CARLOS Y ZONA NORTE
JIMENEZ,CARTAGO,JIMÉNEZ,CENTRAL,VALLE CENTRAL
JORCO,SAN JOSÉ,ASERRÍ,CENTRAL,VALLE CENTRAL
JUAN VILLAS,CARTAGO,JIMÉNEZ,CENTRAL,VALLE CENTRAL
JUAN VIÑAS,SAN JOSÉ / CARTAGO / HEREDIA,,CENTRAL,VALLE CENTRAL
JUDAS DE CHOMES,GUANACASTE,,CHOROTEGA,GUANACASTE
KATIRA,ALAJUELA / HEREDIA,,HUETAR NORTE,SAN CARLOS Y ZONA NORTE
LA ADMINISTRACIÓN,LIMÓN,SIQUIRRES,HUETAR CARIBE,LIMÓN Y CARIBE
LA ALEGRIA,LIMÓN,SIQUIRRES,HUETAR CARIBE,LIMÓN Y CARIBE
LA CRUZ,GUANACASTE,,CHOROTEGA,GUANACASTE
LA CUESTA,PUNTARENAS / SAN JOSE,,BRUNCA,ZONA SUR
LA ESPERANZA,CARTAGO,PARAÍSO,CENTRAL,VALLE CENTRAL
LA FILA,PUNTARENAS,COTO BRUS,BRUNCA,ZONA SUR
LA FORTUNA,ALAJUELA / HEREDIA,,HUETAR NORTE,SAN CARLOS Y ZONA NORTE
LA GARITA,GUANACASTE,,CHOROTEGA,GUANACASTE
LA MARINA,ALAJUELA,SAN CARLOS,HUETAR NORTE,SAN CARLOS Y ZONA NORTE
LA PALMA,PUNTARENAS / SAN JOSE,,BRUNCA,ZONA SUR
LA PALMERA,ALAJUELA,SAN CARLOS,HUETAR NORTE,SAN CARLOS Y ZONA NORTE
LA PITAYA,CARTAGO,CARTAGO,CENTRAL,VALLE CENTRAL
LA RITA,LIMÓN,,HUETAR CARIBE,LIMON Y CARIBE
LA ROXANA,LIMÓN,,HUETAR CARIBE,LIMON Y CARIBE
LA SUIZA,SAN JOSÉ / CARTAGO / HEREDIA,,CENTRAL,VALLE CENTRAL
LA TIGRA,ALAJUELA / HEREDIA,,HUETAR NORTE,SAN CARLOS Y ZONA NORTE
LA VIRGEN,ALAJUELA / HEREDIA,,HUETAR NORTE,SAN CARLOS Y ZONA NORTE
LA VIRGEN DE SARAPIQUÍ,ALAJUELA / HEREDIA,,HUETAR NORTE,SAN CARLOS Y ZONA NORTE
LAGARTO,GUANACASTE,SANTA CRUZ,CHOROTEGA,GUANACASTE
LAGUNILLA,GUANACASTE,SANTA CRUZ,CHOROTEGA,GUANACASTE
LAS FINCAS,PUNTARENAS,OSA,BRUNCA,ZONA SUR
LAS JUNTAS DE ABANGARES,GUANACASTE,,CHOROTEGA,GUANACASTE
"LAS JUNTAS, PUNTARENAS",PUNTARENAS,,PACIFICO CENTRAL,PACIFICO CENTRAL
LAS PALMITAS,LIMÓN,POCOCÍ,HUETAR CARIBE,LIMÓN Y CARIBE
LAS VEGAS,GUANACASTE,BAGACES,CHOROTEGA,GUANACASTE
LAUREL,PUNTARENAS,CORREDORES,BRUNCA,ZONA SUR
LEPANTO,PUNTARENAS,PUNTARENAS,PACÍFICO CENTRAL,PACÍFICO CENTRAL / PENÍNSULA
LEÓN CORTÉS,SAN JOSÉ / CARTAGO / HEREDIA,,CENTRAL,VALLE CENTRAL
LIBERIA,GUANACASTE,,CHOROTEGA,GUANACASTE
LIMON,LIMÓN,,HUETAR CARIBE,LIMON Y CARIBE
LIMONAL,LIMÓN,,HUETAR CARIBE,LIMON Y CARIBE
LOS ANGELES DE FORTUNA,ALAJUELA / HEREDIA,,HUETAR NORTE,SAN CARLOS Y ZONA NORTE
LOS CHILES,ALAJUELA / HEREDIA,,HUETAR NORTE,SAN CARLOS Y ZONA NORTE
LOS CHILES DE AGUAS ZARCAS,ALAJUELA / HEREDIA,,HUETAR NORTE,SAN CARLOS Y ZONA NORTE
LOS LIRIOS,ALAJUELA / HEREDIA,,HUETAR NORTE,SAN CARLOS Y ZONA NORTE
LOS ÁNGELES,ALAJUELA / HEREDIA,,HUETAR NORTE,SAN CARLOS Y ZONA NORTE
LUGARES ALEDAÑOS,TODO EL PAÍS,COBERTURA GENERAL,NACIONAL,TODO EL PAÍS
LUGARES CERCANOS,TODO EL PAÍS,COBERTURA GENERAL,NACIONAL,TODO EL PAÍS
MAL PAÍS,PUNTARENAS,,PACIFICO CENTRAL,PACIFICO CENTRAL
MANSIÓN,GUANACASTE,,CHOROTEGA,GUANACASTE
MANUEL ANTONIO,PUNTARENAS,,PACIFICO CENTRAL,PACIFICO CENTRAL
MANZANILLO,LIMÓN,,HUETAR CARIBE,LIMON Y CARIBE
MAQUENCO,GUANACASTE,NICOYA,CHOROTEGA,GUANACASTE
MAQUENCO -NICOYA-,GUANACASTE,,CHOROTEGA,GUANACASTE
MARBELLA,GUANACASTE,SANTA CRUZ,CHOROTEGA,GUANACASTE
MARVELLA,GUANACASTE,SANTA CRUZ,CHOROTEGA,GUANACASTE
MATAPALO,GUANACASTE,,CHOROTEGA,GUANACASTE
MATINA,LIMÓN,,HUETAR CARIBE,LIMON Y CARIBE
MIRAMAR,PUNTARENAS,,PACIFICO CENTRAL,PACIFICO CENTRAL
MONTERREY,ALAJUELA / HEREDIA,,HUETAR NORTE,SAN CARLOS Y ZONA NORTE
MONTEVERDE,PUNTARENAS,MONTEVERDE,PACÍFICO CENTRAL,PACÍFICO CENTRAL / SIERRA
MONTEZUMA,PUNTARENAS,,PACIFICO CENTRAL,PACIFICO CENTRAL
MORAZAN,SAN JOSÉ,SAN JOSÉ,CENTRAL,VALLE CENTRAL
MUELLE,ALAJUELA / HEREDIA,,HUETAR NORTE,SAN CARLOS Y ZONA NORTE
NANDAYURE,GUANACASTE,,CHOROTEGA,GUANACASTE
NARANJITO,PUNTARENAS,QUEPOS,PACÍFICO CENTRAL,PACÍFICO CENTRAL
NARANJO,ALAJUELA,,CENTRAL (OCCIDENTE),OCCIDENTE
NICOYA,GUANACASTE,,CHOROTEGA,GUANACASTE
NOSARA,GUANACASTE,,CHOROTEGA,GUANACASTE
NOSARA CENTRO,GUANACASTE,,CHOROTEGA,GUANACASTE
NUEVO ARENAL,GUANACASTE,,CHOROTEGA,GUANACASTE
OJOCHAL,PUNTARENAS / SAN JOSE,,BRUNCA,ZONA SUR
OREAMUNO,CARTAGO,OREAMUNO,CENTRAL,VALLE CENTRAL
OROSI,SAN JOSÉ / CARTAGO / HEREDIA,,CENTRAL,VALLE CENTRAL
OROTINA,PUNTARENAS,,PACIFICO CENTRAL,PACIFICO CENTRAL
OSTIONAL,GUANACASTE,SANTA CRUZ,CHOROTEGA,GUANACASTE
OTROS LUGARES,TODO EL PAÍS,COBERTURA GENERAL,NACIONAL,TODO EL PAÍS
PACAYAS,SAN JOSÉ / CARTAGO / HEREDIA,,CENTRAL,VALLE CENTRAL
PACUAR,SAN JOSÉ,PÉREZ ZELEDÓN,BRUNCA,PÉREZ ZELEDÓN / ZONA SUR
PACUARITO,LIMÓN,SIQUIRRES,HUETAR CARIBE,LIMÓN Y CARIBE
PALMAR NORTE,PUNTARENAS / SAN JOSE,,BRUNCA,ZONA SUR
PALMAR SUR,PUNTARENAS / SAN JOSE,,BRUNCA,ZONA SUR
PALMARES,ALAJUELA,,CENTRAL (OCCIDENTE),OCCIDENTE
PALMAREZ P.Z.,SAN JOSÉ,PÉREZ ZELEDÓN,BRUNCA,PÉREZ ZELEDÓN / ZONA SUR
PALMIRA,GUANACASTE,,CHOROTEGA,GUANACASTE
PAQUERA,PUNTARENAS,,PACIFICO CENTRAL,PACIFICO CENTRAL
PARAISO -SANTA CRUZ-,GUANACASTE,,CHOROTEGA,GUANACASTE
PARAISO STA. CRUZ,GUANACASTE,,CHOROTEGA,GUANACASTE
PARAÍSO,GUANACASTE,,CHOROTEGA,GUANACASTE
PARRITA,PUNTARENAS,,PACIFICO CENTRAL,PACIFICO CENTRAL
PASO CANOAS,PUNTARENAS / SAN JOSE,,BRUNCA,ZONA SUR
PASO REAL,PUNTARENAS,BUENOS AIRES,BRUNCA,ZONA SUR
PASO TEMPISQUE,GUANACASTE,,CHOROTEGA,GUANACASTE
PAVONES,SAN JOSÉ / CARTAGO / HEREDIA,,CENTRAL,VALLE CENTRAL
PAVÓN,ALAJUELA / HEREDIA,,HUETAR NORTE,SAN CARLOS Y ZONA NORTE
PEDREGOSO,PUNTARENAS / SAN JOSE,,BRUNCA,ZONA SUR
PEJIBAYE,SAN JOSÉ / CARTAGO / HEREDIA,,CENTRAL,VALLE CENTRAL
PENSHURT,LIMÓN,,HUETAR CARIBE,LIMON Y CARIBE
PEÑAS BLANCAS,ALAJUELA / HEREDIA,,HUETAR NORTE,SAN CARLOS Y ZONA NORTE
PEÑAS BLANCAS PZ,ALAJUELA / HEREDIA,,HUETAR NORTE,SAN CARLOS Y ZONA NORTE
PIEDRAS BLANCAS,PUNTARENAS / SAN JOSE,,BRUNCA,ZONA SUR
PILAS DE CANJEL,PUNTARENAS,LEPANTO,PACÍFICO CENTRAL,PACÍFICO CENTRAL / PENÍNSULA
PINDECO,PUNTARENAS,BUENOS AIRES,BRUNCA,ZONA SUR
PINILLA,GUANACASTE,,CHOROTEGA,GUANACASTE
PITAL,ALAJUELA / HEREDIA,,HUETAR NORTE,SAN CARLOS Y ZONA NORTE
PLATANAR,ALAJUELA / HEREDIA,,HUETAR NORTE,SAN CARLOS Y ZONA NORTE
PLATANARES,PUNTARENAS / SAN JOSE,,BRUNCA,ZONA SUR
"PLATANARES, PZ",ALAJUELA / HEREDIA,,HUETAR NORTE,SAN CARLOS Y ZONA NORTE
PLATANILLO,SAN JOSÉ,PÉREZ ZELEDÓN,BRUNCA,PÉREZ ZELEDÓN / ZONA SUR
PLAYA AZUL,GUANACASTE,SANTA CRUZ,CHOROTEGA,GUANACASTE
PLAYA CARRILLO,GUANACASTE,,CHOROTEGA,GUANACASTE
PLAYA GARZA,GUANACASTE,NICOYA,CHOROTEGA,GUANACASTE
PLAYA GRANDE,GUANACASTE,,CHOROTEGA,GUANACASTE
PLAYA GUIONES,GUANACASTE,NICOYA,CHOROTEGA,GUANACASTE
PLAYA GUIONES -NOSARA-,GUANACASTE,,CHOROTEGA,GUANACASTE
PLAYA HERMOSA,GUANACASTE,,CHOROTEGA,GUANACASTE
PLAYA LAGARTO,GUANACASTE,SANTA CRUZ,CHOROTEGA,GUANACASTE
PLAYA PANAMA,GUANACASTE,,CHOROTEGA,GUANACASTE
PLAYA PELADA,GUANACASTE,NICOYA,CHOROTEGA,GUANACASTE
PLAYA PELADA CRUCE,GUANACASTE,NICOYA,CHOROTEGA,GUANACASTE
PLAYA POTRERO,GUANACASTE,,CHOROTEGA,GUANACASTE
PLAYA ZANCUDO,PUNTARENAS,GOLFITO,BRUNCA,ZONA SUR
PLAYAS DEL COCO,GUANACASTE,,CHOROTEGA,GUANACASTE
POCOCI,LIMÓN,POCOCÍ,HUETAR CARIBE,LIMÓN Y CARIBE
POCORA,LIMÓN,,HUETAR CARIBE,LIMON Y CARIBE
PORTAL DE BELEN -NICOYA-,GUANACASTE,,CHOROTEGA,GUANACASTE
PORTAL DE BELÉN,GUANACASTE,,CHOROTEGA,GUANACASTE
PORTE GOLPE,GUANACASTE,,CHOROTEGA,GUANACASTE
POTRERO,GUANACASTE,,CHOROTEGA,GUANACASTE
POTRERO GRANDE,GUANACASTE,,CHOROTEGA,GUANACASTE
PTO. CARRILLO,GUANACASTE,,CHOROTEGA,GUANACASTE
PUERTO CARRILLO,GUANACASTE,,CHOROTEGA,GUANACASTE
PUERTO JIMÉNEZ,PUNTARENAS / SAN JOSE,,BRUNCA,ZONA SUR
PUERTO VIEJO,LIMÓN,,HUETAR CARIBE,LIMON Y CARIBE
PUERTO VIEJO DE SARAPIQUÍ,ALAJUELA / HEREDIA,,HUETAR NORTE,SAN CARLOS Y ZONA NORTE
PUERTO VIEJO DE TALAMANCA,LIMÓN,,HUETAR CARIBE,LIMON Y CARIBE
PUNTA MORALES,PUNTARENAS,PUNTARENAS,PACÍFICO CENTRAL,PACÍFICO CENTRAL
PUNTARENAS,PUNTARENAS,,PACIFICO CENTRAL,PACIFICO CENTRAL
PURISCAL,SAN JOSÉ / CARTAGO / HEREDIA,,CENTRAL,VALLE CENTRAL
PÉREZ ZELEDÓN,PUNTARENAS / SAN JOSE,,BRUNCA,ZONA SUR
QUEBRADA AZUL,ALAJUELA / HEREDIA,,HUETAR NORTE,SAN CARLOS Y ZONA NORTE
QUEBRADA GANADO,PUNTARENAS,,PACIFICO CENTRAL,PACIFICO CENTRAL
QUEBRADA HONDA,GUANACASTE,NICOYA,CHOROTEGA,GUANACASTE
"QUEBRADA HONDA, PZ",SAN JOSÉ,PÉREZ ZELEDÓN,BRUNCA,PÉREZ ZELEDÓN / ZONA SUR
QUEBRADAS,SAN JOSÉ,PÉREZ ZELEDÓN,BRUNCA,PÉREZ ZELEDÓN / ZONA SUR
QUEPOS,PUNTARENAS,,PACIFICO CENTRAL,PACIFICO CENTRAL
REPUNTA,SAN JOSÉ,PÉREZ ZELEDÓN,BRUNCA,PÉREZ ZELEDÓN / ZONA SUR
REY CURRE,PUNTARENAS,BUENOS AIRES,BRUNCA,ZONA SUR
RIO BANANO,LIMÓN,,HUETAR CARIBE,LIMON Y CARIBE
RIO DE CONEJO,SAN JOSÉ,TARRAZÚ / ASERRÍ,CENTRAL,VALLE CENTRAL / LOS SANTOS
RIO JIMENEZ,LIMÓN,GUÁCIMO,HUETAR CARIBE,LIMÓN Y CARIBE
RIO MONTAÑA,GUANACASTE,NICOYA,CHOROTEGA,GUANACASTE
RIO NARANJO,ALAJUELA,,CENTRAL (OCCIDENTE),OCCIDENTE
RIVAS,PUNTARENAS / SAN JOSE,,BRUNCA,ZONA SUR
ROXANA,LIMÓN,,HUETAR CARIBE,LIMON Y CARIBE
RÍO CLARO,PUNTARENAS / SAN JOSE,,BRUNCA,ZONA SUR
RÍO CONEJO,SAN JOSÉ,TARRAZÚ / ASERRÍ,CENTRAL,VALLE CENTRAL / LOS SANTOS
RÍO CUARTO,ALAJUELA / HEREDIA,,HUETAR NORTE,SAN CARLOS Y ZONA NORTE
RÍO FRÍO,ALAJUELA / HEREDIA,,HUETAR NORTE,SAN CARLOS Y ZONA NORTE
RÍO SERENO,PUNTARENAS / SAN JOSE,,BRUNCA,ZONA SUR
SABALITO,PUNTARENAS / SAN JOSE,,BRUNCA,ZONA SUR
SABANILLA,SAN JOSÉ,MONTES DE OCA,CENTRAL,VALLE CENTRAL
SAN ANTONIO DE LA AMISTAD,SAN JOSÉ,PÉREZ ZELEDÓN,BRUNCA,PÉREZ ZELEDÓN / ZONA SUR
SAN BUENAS,PUNTARENAS,OSA,BRUNCA,ZONA SUR
SAN CRISTOBAL,SAN JOSÉ,DESAMPARADOS,CENTRAL,VALLE CENTRAL
SAN CRISTÓBAL NORTE,SAN JOSÉ,DESAMPARADOS,CENTRAL,VALLE CENTRAL
SAN CRISTÓBAL SUR,SAN JOSÉ,DESAMPARADOS,CENTRAL,VALLE CENTRAL
SAN FERNANDO,HEREDIA,SAN RAFAEL,CENTRAL,VALLE CENTRAL
SAN FRANCISCO,HEREDIA,HEREDIA,CENTRAL,VALLE CENTRAL
SAN FRANCISCO LA PALMERA,ALAJUELA,SAN CARLOS,HUETAR NORTE,SAN CARLOS Y ZONA NORTE
SAN GABRIEL,SAN JOSÉ,ASERRÍ,CENTRAL,VALLE CENTRAL
SAN GABRIEL DE ASERRÍ,SAN JOSÉ / CARTAGO / HEREDIA,,CENTRAL,VALLE CENTRAL
SAN IGNACIO DE ACOSTA,SAN JOSÉ / CARTAGO / HEREDIA,,CENTRAL,VALLE CENTRAL
SAN ISIDRO DE PEÑAS BLANCAS,ALAJUELA / HEREDIA,,HUETAR NORTE,SAN CARLOS Y ZONA NORTE
SAN ISIDRO DEL GENERAL,PUNTARENAS / SAN JOSE,,BRUNCA,ZONA SUR
SAN JOSE DE UPALA,ALAJUELA / HEREDIA,,HUETAR NORTE,SAN CARLOS Y ZONA NORTE
SAN JOSÉ,SAN JOSÉ / CARTAGO / HEREDIA,,CENTRAL,VALLE CENTRAL
SAN JUAN DEL SUR,CARTAGO,EL GUARCO,CENTRAL,VALLE CENTRAL
SAN JUAN NORTE,CARTAGO,EL GUARCO,CENTRAL,VALLE CENTRAL
SAN JUAN SUR,CARTAGO,EL GUARCO,CENTRAL,VALLE CENTRAL
SAN JUANILLO,GUANACASTE,SANTA CRUZ,CHOROTEGA,GUANACASTE
SAN JULIAN,SAN JOSÉ,SAN JOSÉ,CENTRAL,VALLE CENTRAL
SAN LORENZO,HEREDIA,FLORES,CENTRAL,VALLE CENTRAL
SAN MARCOS DE TARRAZÚ,SAN JOSÉ / CARTAGO / HEREDIA,,CENTRAL,VALLE CENTRAL
SAN MATEO,PUNTARENAS,,PACIFICO CENTRAL,PACIFICO CENTRAL
SAN MIGUEL,SAN JOSÉ,DESAMPARADOS,CENTRAL,VALLE CENTRAL
SAN MIGUEL DE SARAPIQUÍ,ALAJUELA / HEREDIA,,HUETAR NORTE,SAN CARLOS Y ZONA NORTE
SAN PABLO DE LEÓN CORTEZ,SAN JOSÉ,LEÓN CORTÉS,CENTRAL,VALLE CENTRAL / LOS SANTOS
SAN PEDRO,GUANACASTE,,CHOROTEGA,GUANACASTE
SAN RAFAEL DE ABANGARES,GUANACASTE,,CHOROTEGA,GUANACASTE
SAN RAMÓN,ALAJUELA,,CENTRAL (OCCIDENTE),OCCIDENTE
SAN VITO,PUNTARENAS / SAN JOSE,,BRUNCA,ZONA SUR
SAN VITO DE COTO BRUS,PUNTARENAS / SAN JOSE,,BRUNCA,ZONA SUR
SANTA ANA,SAN JOSÉ / CARTAGO / HEREDIA,,CENTRAL,VALLE CENTRAL
SANTA CECILIA,GUANACASTE,,CHOROTEGA,GUANACASTE
SANTA CLARA,ALAJUELA / HEREDIA,,HUETAR NORTE,SAN CARLOS Y ZONA NORTE
SANTA CRUZ,GUANACASTE,,CHOROTEGA,GUANACASTE
SANTA CRUZ - TURRIALBA-,GUANACASTE,,CHOROTEGA,GUANACASTE
SANTA ELENA,PUNTARENAS,MONTEVERDE,PACÍFICO CENTRAL,PACÍFICO CENTRAL / SIERRA
SANTA ELENA MONTEVERDE,PUNTARENAS,MONTEVERDE,PACÍFICO CENTRAL,PACÍFICO CENTRAL / SIERRA
SANTA MARÍA DE DOTA,SAN JOSÉ / CARTAGO / HEREDIA,,CENTRAL,VALLE CENTRAL
SANTA RITA,ALAJUELA / HEREDIA,,HUETAR NORTE,SAN CARLOS Y ZONA NORTE
SANTA ROSA,ALAJUELA / HEREDIA,,HUETAR NORTE,SAN CARLOS Y ZONA NORTE
SANTA ROSA DE POCOSOL,ALAJUELA / HEREDIA,,HUETAR NORTE,SAN CARLOS Y ZONA NORTE
SANTA ROSA LA PALMERA,ALAJUELA / HEREDIA,,HUETAR NORTE,SAN CARLOS Y ZONA NORTE
SANTA TERESA,PUNTARENAS,,PACIFICO CENTRAL,PACIFICO CENTRAL
SARAPIQUÍ,ALAJUELA / HEREDIA,,HUETAR NORTE,SAN CARLOS Y ZONA NORTE
SARCHI,ALAJUELA,,CENTRAL (OCCIDENTE),OCCIDENTE
SARCHI NORTE,ALAJUELA,,CENTRAL (OCCIDENTE),OCCIDENTE
SARCHI SUR,ALAJUELA,,CENTRAL (OCCIDENTE),OCCIDENTE
SARDINAL,GUANACASTE,,CHOROTEGA,GUANACASTE
SARDINAL DE PUNTARENAS,GUANACASTE,,CHOROTEGA,GUANACASTE
SAVEGRE,PUNTARENAS,QUEPOS,PACÍFICO CENTRAL,PACÍFICO CENTRAL
SIQUIRRES,LIMÓN,,HUETAR CARIBE,LIMON Y CARIBE
SIXAOLA,LIMÓN,,HUETAR CARIBE,LIMON Y CARIBE
SÁMARA,GUANACASTE,,CHOROTEGA,GUANACASTE
TABARCIA DE MORA,SAN JOSÉ,MORA,CENTRAL,VALLE CENTRAL
TAMARINDO,GUANACASTE,,CHOROTEGA,GUANACASTE
TAMBOR,PUNTARENAS,,PACIFICO CENTRAL,PACIFICO CENTRAL
TANQUE,ALAJUELA,SAN CARLOS,HUETAR NORTE,SAN CARLOS Y ZONA NORTE
TARAS,CARTAGO,CARTAGO,CENTRAL,VALLE CENTRAL
TARBACA,SAN JOSÉ,ASERRÍ,CENTRAL,VALLE CENTRAL
TARCOLES,PUNTARENAS,,PACIFICO CENTRAL,PACIFICO CENTRAL
TARRAZÚ,SAN JOSÉ / CARTAGO / HEREDIA,,CENTRAL,VALLE CENTRAL
TEJAR,CARTAGO,EL GUARCO,CENTRAL,VALLE CENTRAL
TEJAS,CARTAGO,EL GUARCO,CENTRAL,VALLE CENTRAL
TERCIOPELO,LIMÓN,SIQUIRRES,HUETAR CARIBE,LIMÓN Y CARIBE
TERCIOPELO -NICOYA-,GUANACASTE,,CHOROTEGA,GUANACASTE
TICABAN,LIMÓN,POCOCÍ,HUETAR CARIBE,LIMÓN Y CARIBE
TIERRA BLANCA,SAN JOSÉ / CARTAGO / HEREDIA,,CENTRAL,VALLE CENTRAL
TILARÁN,GUANACASTE,,CHOROTEGA,GUANACASTE
TODO EL PAÍS,TODO EL PAÍS,COBERTURA GENERAL,NACIONAL,TODO EL PAÍS
TRES EQUIS,CARTAGO / LIMÓN,TURRIALBA,CENTRAL / CARIBE,VALLE CENTRAL / RUTA CARIBE
TRES RÍOS,SAN JOSÉ / CARTAGO / HEREDIA,,CENTRAL,VALLE CENTRAL
TUCURRIQUE,SAN JOSÉ / CARTAGO / HEREDIA,,CENTRAL,VALLE CENTRAL
TUIS,SAN JOSÉ / CARTAGO / HEREDIA,,CENTRAL,VALLE CENTRAL
TURRIALBA,SAN JOSÉ / CARTAGO / HEREDIA,,CENTRAL,VALLE CENTRAL
TURRUCARES,SAN JOSÉ / CARTAGO / HEREDIA,,CENTRAL,VALLE CENTRAL
UJARRAS,CARTAGO,PARAÍSO,CENTRAL,VALLE CENTRAL
UPALA CENTRO,ALAJUELA / HEREDIA,,HUETAR NORTE,SAN CARLOS Y ZONA NORTE
UVITA,PUNTARENAS / SAN JOSE,,BRUNCA,ZONA SUR
VALLE AZUL,ALAJUELA / HEREDIA,,HUETAR NORTE,SAN CARLOS Y ZONA NORTE
VALLE LA ESTRELLA,LIMÓN,,HUETAR CARIBE,LIMON Y CARIBE
VARA BLANCA,HEREDIA,HEREDIA,CENTRAL,VALLE CENTRAL / MONTAÑA
VENADO,ALAJUELA,SAN CARLOS,HUETAR NORTE,SAN CARLOS Y ZONA NORTE
VENADO -SANTA CRUZ-,GUANACASTE,,CHOROTEGA,GUANACASTE
VENECIA,ALAJUELA / HEREDIA,,HUETAR NORTE,SAN CARLOS Y ZONA NORTE
VILLA REAL,GUANACASTE,SANTA CRUZ,CHOROTEGA,GUANACASTE
VOLCAN,PUNTARENAS,BUENOS AIRES,BRUNCA,ZONA SUR
VUELTA DEL JORCO,SAN JOSÉ,ASERRÍ,CENTRAL,VALLE CENTRAL
VUELTA JORCO,SAN JOSÉ,ASERRÍ,CENTRAL,VALLE CENTRAL
"ZAPOTE, SARAPIQUI",ALAJUELA / HEREDIA,,HUETAR NORTE,SAN CARLOS Y ZONA NORTE
ZARCERO,ALAJUELA,,CENTRAL (OCCIDENTE),OCCIDENTE
ZONA SUR,PUNTARENAS / SAN JOSÉ,VARIOS,BRUNCA,ZONA SUR
